<?xml version="1.0" encoding="UTF-8"?>
<project-private xmlns="http://www.netbeans.org/ns/project-private/1">
    <editor-bookmarks xmlns="http://www.netbeans.org/ns/editor-bookmarks/2" lastBookmarkId="0"/>
    <open-files xmlns="http://www.netbeans.org/ns/projectui-open-files/2">
        <group>
            <file>file:/C:/Users/Ubaid/Documents/NetBeansProjects/pro1/src/Payment_details.java</file>
            <file>file:/C:/Users/Ubaid/Documents/NetBeansProjects/pro1/src/show_table.java</file>
            <file>file:/C:/Users/Ubaid/Documents/NetBeansProjects/pro1/src/Welcome.java</file>
            <file>file:/C:/Users/Ubaid/Documents/NetBeansProjects/pro1/test/Train_infoTest.java</file>
            <file>file:/C:/Users/Ubaid/Documents/NetBeansProjects/pro1/src/Login.java</file>
            <file>file:/C:/Users/Ubaid/Documents/NetBeansProjects/pro1/test/CancelTest.java</file>
            <file>file:/C:/Users/Ubaid/Documents/NetBeansProjects/pro1/src/Book_Ticket.java</file>
        </group>
    </open-files>
</project-private>
